"latitude","longitude","ChlorophyllaConcent.Mean","RemoteReflectance.Mean","SSTemperatureDay.Mean","SeaSaltColumnDensity.Mean","Confiable","Ecosystem"
10.1,-64.7,331.1327,0.3142,24.9947,10.3361,TRUE,"Dos Mosquises-Sur-Cienaga este-Bajo Caiman-Sombrero-Cayo de Agua"
10.1,-64.8,380.2064,0.3577,24.6301,10.3361,TRUE,"Cominoto-La Pecha"
10.1,-64.9,344.5274,0.3613,24.6901,10.3361,TRUE,"Dos Mosquises-Sur-Cienaga este-Bajo Caiman-Sombrero-Cayo de Agua"
10.1,-65,246.8314,0.3743,25.5111,28.3668,TRUE,"Dos Mosquises-Sur-Cienaga este-Bajo Caiman-Sombrero-Cayo de Agua"
10.1,-65,246.8314,0.3743,25.5111,28.3668,TRUE,"Dos Mosquises-Sur-Cienaga este-Bajo Caiman-Sombrero-Cayo de Agua"
10.1,-65.1,321.617,0.4266,25.0675,28.3668,TRUE,"Dos Mosquises-Sur-Cienaga este-Bajo Caiman-Sombrero-Cayo de Agua"
10.1,-65.1,321.617,0.4266,25.0675,28.3668,TRUE,"Dos Mosquises-Sur-Cienaga este-Bajo Caiman-Sombrero-Cayo de Agua"
10.1,-65.2,298.289,0.3978,24.6575,28.3668,TRUE,"San Agustin-Carabela"
10.1,-65.2,298.289,0.3978,24.6575,28.3668,TRUE,"San Agustin-Carabela"
10.2,-64.4,289.8326,0.1977,25.4476,10.3361,FALSE,"Puerto Real-Gabarra-Punta Conejo-La Muerta"
10.2,-64.5,345.5232,0.2033,27.14,10.3361,FALSE,"Puerto Real-Gabarra-Punta Conejo-La Muerta"
10.2,-64.6,304.1827,0.2344,27.14,10.3361,FALSE,"Dos Mosquises-Sur-Cienaga este-Bajo Caiman-Sombrero-Cayo de Agua"
10.2,-64.6,304.1827,0.2344,27.14,10.3361,FALSE,"Dos Mosquises-Sur-Cienaga este-Bajo Caiman-Sombrero-Cayo de Agua"
10.2,-64.7,365.0665,0.2799,24.3549,10.3361,TRUE,"Cominoto-La Pecha"
10.2,-64.7,365.0665,0.2799,24.3549,10.3361,TRUE,"Cominoto-La Pecha"
10.2,-64.8,263.5972,0.2696,24.1923,10.3361,TRUE,"Cominoto-La Pecha"
10.2,-64.8,263.5972,0.2696,24.1923,10.3361,TRUE,"Cominoto-La Pecha"
10.2,-64.9,164.8018,0.271,23.9314,10.3361,TRUE,"Cominoto-La Pecha"
10.2,-65,121.8776,0.3292,23.9314,28.3668,TRUE,"Punta Cruz-Punta de Media Legua-Charagato-Blanca"
10.3,-64.3,414.3718,0.1246,25.0743,6.7301,TRUE,"Puerto Real-Gabarra-Punta Conejo-La Muerta"
10.3,-64.4,316.2846,0.2089,24.0856,10.3361,TRUE,"Puerto Real-Gabarra-Punta Conejo-La Muerta"
10.3,-64.4,316.2846,0.2089,24.0856,10.3361,TRUE,"Puerto Real-Gabarra-Punta Conejo-La Muerta"
10.3,-64.5,201.9878,0.3,24.1868,10.3361,TRUE,"Cominoto-La Pecha"
10.3,-64.5,201.9878,0.3,24.1868,10.3361,TRUE,"Cominoto-La Pecha"
10.3,-64.6,269.0504,0.25,23.9409,10.3361,TRUE,"Cominoto-La Pecha"
10.4,-63.7,1065.4405,-0.0278,24.425,29.268,FALSE,"Punta Cruz-Punta de Media Legua-Charagato-Blanca"
10.4,-63.8,843.9415,0.017,23.4266,25.6621,TRUE,"Puerto Real-Gabarra-Punta Conejo-La Muerta"
10.4,-63.9,739.98,0.022,24.4899,25.6621,TRUE,"Punta Cruz-Punta de Media Legua-Charagato-Blanca"
10.4,-64,739.98,0,23.7047,25.6621,TRUE,"Puerto Real-Gabarra-Punta Conejo-La Muerta"
10.4,-64.1,581.6262,-0.0302,23.8681,25.6621,TRUE,"Punta Cruz-Punta de Media Legua-Charagato-Blanca"
10.4,-64.2,385.4844,0.0699,27.14,25.6621,FALSE,"Cote-Guabinitas-Cienaga interno-Las Salinas-Cienaga oeste-Garrapata"
10.4,-64.3,811.8306,0.075,23.6966,25.6621,TRUE,"Puerto Real-Gabarra-Punta Conejo-La Muerta"
10.4,-64.3,811.8306,0.075,23.6966,25.6621,TRUE,"Puerto Real-Gabarra-Punta Conejo-La Muerta"
10.4,-64.4,382.5892,0.2286,23.3173,27.7848,TRUE,"San Agustin-Carabela"
10.4,-64.4,382.5892,0.2286,23.3173,27.7848,TRUE,"San Agustin-Carabela"
10.5,-63.7,945.0549,-0.0022,25.7825,29.268,FALSE,"Cote-Guabinitas-Cienaga interno-Las Salinas-Cienaga oeste-Garrapata"
10.5,-63.8,1065.4405,-0.0278,23.1334,25.6621,FALSE,"Puerto Real-Gabarra-Punta Conejo-La Muerta"
10.5,-63.8,1065.4405,-0.0278,23.1334,25.6621,FALSE,"Puerto Real-Gabarra-Punta Conejo-La Muerta"
10.5,-63.9,687.3219,0.0561,23.337,25.6621,TRUE,"Puerto Real-Gabarra-Punta Conejo-La Muerta"
10.5,-63.9,687.3219,0.0561,23.337,25.6621,TRUE,"Puerto Real-Gabarra-Punta Conejo-La Muerta"
10.5,-64,517.6438,0.0603,23.6312,25.6621,TRUE,"Puerto Real-Gabarra-Punta Conejo-La Muerta"
10.5,-64,517.6438,0.0603,23.6312,25.6621,TRUE,"Puerto Real-Gabarra-Punta Conejo-La Muerta"
10.5,-64.1,582.0183,-0.0091,23.5761,25.6621,TRUE,"Puerto Real-Gabarra-Punta Conejo-La Muerta"
10.5,-64.1,582.0183,-0.0091,23.5761,25.6621,TRUE,"Puerto Real-Gabarra-Punta Conejo-La Muerta"
10.5,-64.2,362.0373,-0.1222,23.593,25.6621,TRUE,"Puerto Real-Gabarra-Punta Conejo-La Muerta"
10.5,-64.2,362.0373,-0.1222,23.593,25.6621,TRUE,"Puerto Real-Gabarra-Punta Conejo-La Muerta"
10.5,-64.3,257.3139,0.1781,23.7411,25.6621,TRUE,"Cominoto-La Pecha"
10.5,-67.7,49.3448,0.4482,23.52,16.6467,FALSE,"Playa Tiburon-La Pared-Petaquire-Media Legua-Punta Mono"
10.5,-67.8,486.06,0.15,24.5955,16.6467,TRUE,"Cote-Guabinitas-Cienaga interno-Las Salinas-Cienaga oeste-Garrapata"
10.5,-67.9,209.9752,0.2584,25.1348,16.6467,TRUE,"Punta Cruz-Punta de Media Legua-Charagato-Blanca"
10.5,-68,348.799,0.2421,25.4137,16.6467,TRUE,"Cote-Guabinitas-Cienaga interno-Las Salinas-Cienaga oeste-Garrapata"
10.5,-68.1,861.145,0.1237,25.8123,41.8899,FALSE,"Cote-Guabinitas-Cienaga interno-Las Salinas-Cienaga oeste-Garrapata"
10.5,-68.1,861.145,0.1237,25.8123,41.8899,FALSE,"Cote-Guabinitas-Cienaga interno-Las Salinas-Cienaga oeste-Garrapata"
10.5,-68.2,520.6774,0.152,27.14,41.8899,FALSE,"Cote-Guabinitas-Cienaga interno-Las Salinas-Cienaga oeste-Garrapata"
10.6,-63.7,583.6354,0.0724,23.7462,29.268,TRUE,"Cominoto-La Pecha"
10.6,-63.8,620.74,0.0788,23.1824,25.6621,TRUE,"Puerto Real-Gabarra-Punta Conejo-La Muerta"
10.6,-63.8,620.74,0.0788,23.1824,25.6621,TRUE,"Puerto Real-Gabarra-Punta Conejo-La Muerta"
10.6,-63.9,625.0913,0.039,23.6378,25.6621,TRUE,"Puerto Real-Gabarra-Punta Conejo-La Muerta"
10.6,-63.9,625.0913,0.039,23.6378,25.6621,TRUE,"Puerto Real-Gabarra-Punta Conejo-La Muerta"
10.6,-64,376.9494,-0.0727,28.7668,25.6621,FALSE,"Cote-Guabinitas-Cienaga interno-Las Salinas-Cienaga oeste-Garrapata"
10.6,-64,376.9494,-0.0727,28.7668,25.6621,FALSE,"Cote-Guabinitas-Cienaga interno-Las Salinas-Cienaga oeste-Garrapata"
10.6,-64.1,655.213,0.0021,32.57,25.6621,FALSE,"San Agustin-Carabela"
10.6,-64.1,655.213,0.0021,32.57,25.6621,FALSE,"San Agustin-Carabela"
10.6,-64.2,525.1685,0.081,24.6718,25.6621,TRUE,"Punta Cruz-Punta de Media Legua-Charagato-Blanca"
10.6,-64.2,525.1685,0.081,24.6718,25.6621,TRUE,"Punta Cruz-Punta de Media Legua-Charagato-Blanca"
10.6,-64.3,415.8506,0.0799,23.4039,25.6621,TRUE,"Puerto Real-Gabarra-Punta Conejo-La Muerta"
10.6,-64.3,415.8506,0.0799,23.4039,25.6621,TRUE,"Puerto Real-Gabarra-Punta Conejo-La Muerta"
10.6,-66.2,250.262,0.2712,24.1744,33.9677,TRUE,"Cote-Guabinitas-Cienaga interno-Las Salinas-Cienaga oeste-Garrapata"
10.6,-66.3,204.9364,0.2489,23.7462,31.973,TRUE,"Puerto Real-Gabarra-Punta Conejo-La Muerta"
10.6,-66.6,148.7673,0.3171,23.6963,31.973,TRUE,"Punta Cruz-Punta de Media Legua-Charagato-Blanca"
10.6,-66.7,128.2005,0.3372,25.0515,31.973,TRUE,"Dos Mosquises-Sur-Cienaga este-Bajo Caiman-Sombrero-Cayo de Agua"
10.6,-66.8,99.3758,0.3629,24.1647,28.6884,TRUE,"Punta Cruz-Punta de Media Legua-Charagato-Blanca"
10.6,-66.9,93.7341,0.3458,24.0548,12.1391,TRUE,"Punta Cruz-Punta de Media Legua-Charagato-Blanca"
10.6,-67,75.6664,0.347,24.0079,12.1391,TRUE,"Punta Cruz-Punta de Media Legua-Charagato-Blanca"
10.6,-67.1,54.377,0.3376,24.258,12.1391,TRUE,"Playa Tiburon-La Pared-Petaquire-Media Legua-Punta Mono"
10.6,-67.2,44.8434,0.4452,24.3628,12.1391,TRUE,"Playa Tiburon-La Pared-Petaquire-Media Legua-Punta Mono"
10.6,-67.3,35.1804,0.4863,24.4823,12.1391,FALSE,"Playa Tiburon-La Pared-Petaquire-Media Legua-Punta Mono"
10.6,-67.4,31.0963,0.5016,24.6276,12.1391,FALSE,"Playa Tiburon-La Pared-Petaquire-Media Legua-Punta Mono"
10.6,-67.5,31.5938,0.5129,24.5679,16.6467,TRUE,"Playa Tiburon-La Pared-Petaquire-Media Legua-Punta Mono"
10.6,-67.6,30.3288,0.4632,24.5701,16.6467,TRUE,"Playa Tiburon-La Pared-Petaquire-Media Legua-Punta Mono"
10.6,-67.7,33.6898,0.4594,24.5701,16.6467,TRUE,"Playa Tiburon-La Pared-Petaquire-Media Legua-Punta Mono"
10.6,-67.8,41.5592,0.4809,24.6307,16.6467,TRUE,"Playa Tiburon-La Pared-Petaquire-Media Legua-Punta Mono"
10.6,-68.1,242.0021,0.3119,25.2476,41.8899,TRUE,"Norte-Rabuski-Medio"
10.6,-68.2,496.114,0.1346,25.8452,41.8899,TRUE,"Dos Mosquises-Sur-Cienaga este-Bajo Caiman-Sombrero-Cayo de Agua"
10.6,-68.2,496.114,0.1346,25.8452,41.8899,TRUE,"Dos Mosquises-Sur-Cienaga este-Bajo Caiman-Sombrero-Cayo de Agua"
10.6,-68.3,355.1897,-0.2438,26.1967,41.8899,FALSE,"Dos Mosquises-Sur-Cienaga este-Bajo Caiman-Sombrero-Cayo de Agua"
10.7,-62.3,418.6699,0.0651,25.1231,34.677,TRUE,"Norte-Rabuski-Medio"
10.7,-62.4,289.5104,0.0782,24.3502,34.677,TRUE,"Cominoto-La Pecha"
10.7,-62.5,286.803,0.0774,23.8986,33.7755,TRUE,"Cominoto-La Pecha"
10.7,-62.6,278.5932,0.0882,23.7751,33.7755,TRUE,"Cominoto-La Pecha"
10.7,-62.6,278.5932,0.0882,23.7751,33.7755,TRUE,"Cominoto-La Pecha"
10.7,-62.7,257.7037,0.0975,24.3427,33.7755,TRUE,"Puerto Real-Gabarra-Punta Conejo-La Muerta"
10.7,-62.7,257.7037,0.0975,24.3427,33.7755,TRUE,"Puerto Real-Gabarra-Punta Conejo-La Muerta"
10.7,-62.8,313.8871,0.0858,24.0371,33.7755,TRUE,"Cominoto-La Pecha"
10.7,-62.8,313.8871,0.0858,24.0371,33.7755,TRUE,"Cominoto-La Pecha"
10.7,-62.9,611.6781,0.085,23.8746,33.7755,TRUE,"Punta Cruz-Punta de Media Legua-Charagato-Blanca"
10.7,-62.9,611.6781,0.085,23.8746,33.7755,TRUE,"Punta Cruz-Punta de Media Legua-Charagato-Blanca"
10.7,-63,367.865,0.0791,24.7011,33.7755,TRUE,"San Agustin-Carabela"
10.7,-63,367.865,0.0791,24.7011,33.7755,TRUE,"San Agustin-Carabela"
10.7,-63.1,496.6546,0.05,25.1171,31.0955,TRUE,"Norte-Rabuski-Medio"
10.7,-63.1,496.6546,0.05,25.1171,31.0955,TRUE,"Norte-Rabuski-Medio"
10.7,-63.2,990.9002,-0.0891,22.5624,29.268,FALSE,"Cominoto-La Pecha"
10.7,-63.2,990.9002,-0.0891,22.5624,29.268,FALSE,"Cominoto-La Pecha"
10.7,-63.3,817.7113,0.0364,22.8395,29.268,TRUE,"Cominoto-La Pecha"
10.7,-63.3,817.7113,0.0364,22.8395,29.268,TRUE,"Cominoto-La Pecha"
10.7,-63.4,874.1237,0.0827,22.9031,29.268,FALSE,"San Agustin-Carabela"
10.7,-63.4,874.1237,0.0827,22.9031,29.268,FALSE,"San Agustin-Carabela"
10.7,-63.5,718.1669,0.0968,22.657,29.268,FALSE,"San Agustin-Carabela"
10.7,-63.5,718.1669,0.0968,22.657,29.268,FALSE,"San Agustin-Carabela"
10.7,-63.6,667.6751,0.0959,22.7623,29.268,FALSE,"San Agustin-Carabela"
10.7,-63.6,667.6751,0.0959,22.7623,29.268,FALSE,"San Agustin-Carabela"
10.7,-63.7,524.3839,0.0258,22.8886,29.268,TRUE,"Cominoto-La Pecha"
10.7,-63.7,524.3839,0.0258,22.8886,29.268,TRUE,"Cominoto-La Pecha"
10.7,-63.8,446.6738,0.1341,22.9616,25.6621,TRUE,"Puerto Real-Gabarra-Punta Conejo-La Muerta"
10.7,-63.8,446.6738,0.1341,22.9616,25.6621,TRUE,"Puerto Real-Gabarra-Punta Conejo-La Muerta"
10.7,-63.9,572.0858,0.1,22.9257,25.6621,TRUE,"Puerto Real-Gabarra-Punta Conejo-La Muerta"
10.7,-63.9,572.0858,0.1,22.9257,25.6621,TRUE,"Puerto Real-Gabarra-Punta Conejo-La Muerta"
10.7,-64,923.3961,0.0138,22.8441,25.6621,FALSE,"Puerto Real-Gabarra-Punta Conejo-La Muerta"
10.7,-64,923.3961,0.0138,22.8441,25.6621,FALSE,"Puerto Real-Gabarra-Punta Conejo-La Muerta"
10.7,-64.1,833.0118,0.08,22.9971,25.6621,FALSE,"Puerto Real-Gabarra-Punta Conejo-La Muerta"
10.7,-64.1,833.0118,0.08,22.9971,25.6621,FALSE,"Puerto Real-Gabarra-Punta Conejo-La Muerta"
10.7,-64.2,689.8526,0.1273,23.0776,25.6621,TRUE,"Puerto Real-Gabarra-Punta Conejo-La Muerta"
10.7,-64.2,689.8526,0.1273,23.0776,25.6621,TRUE,"Puerto Real-Gabarra-Punta Conejo-La Muerta"
10.7,-64.3,491.0655,0.1878,23.2499,25.6621,TRUE,"Punta Cruz-Punta de Media Legua-Charagato-Blanca"
10.7,-64.3,491.0655,0.1878,23.2499,25.6621,TRUE,"Punta Cruz-Punta de Media Legua-Charagato-Blanca"
10.7,-66.3,236.301,0.25,23.4119,31.973,TRUE,"Punta Cruz-Punta de Media Legua-Charagato-Blanca"
10.7,-66.4,224.798,0.19,23.52,31.973,TRUE,"Punta Cruz-Punta de Media Legua-Charagato-Blanca"
10.7,-66.5,199.1689,0.2141,23.5064,31.973,TRUE,"Punta Cruz-Punta de Media Legua-Charagato-Blanca"
10.7,-66.6,123.8869,0.3346,23.6289,31.973,TRUE,"Punta Cruz-Punta de Media Legua-Charagato-Blanca"
10.7,-66.7,117.39,0.3292,23.6697,31.973,TRUE,"Punta Cruz-Punta de Media Legua-Charagato-Blanca"
10.7,-68.2,219.2431,0.271,25.3162,41.8899,TRUE,"Norte-Rabuski-Medio"
10.7,-68.3,424.1292,0.0935,26.1643,41.8899,TRUE,"Dos Mosquises-Sur-Cienaga este-Bajo Caiman-Sombrero-Cayo de Agua"
10.7,-68.3,424.1292,0.0935,26.1643,41.8899,TRUE,"Dos Mosquises-Sur-Cienaga este-Bajo Caiman-Sombrero-Cayo de Agua"
10.8,-62.3,284.0646,0.0834,24.1483,34.677,TRUE,"Cominoto-La Pecha"
10.8,-62.4,274.4715,0.073,24.0729,34.677,TRUE,"Cominoto-La Pecha"
10.8,-62.5,275.4602,0.0799,23.9097,33.7755,TRUE,"Cominoto-La Pecha"
10.8,-62.6,294.5812,0.0746,23.7142,33.7755,TRUE,"San Agustin-Carabela"
10.8,-62.7,213.4033,0.1327,23.6131,33.7755,TRUE,"Punta Cruz-Punta de Media Legua-Charagato-Blanca"
10.8,-62.8,288.1995,0.0716,23.4076,33.7755,TRUE,"Cominoto-La Pecha"
10.8,-62.9,334.3908,0.0635,23.4441,33.7755,TRUE,"Cominoto-La Pecha"
10.8,-63,292.7992,0.0866,23.566,33.7755,TRUE,"San Agustin-Carabela"
10.8,-63.1,293.6407,0.0629,23.4173,29.268,TRUE,"Cominoto-La Pecha"
10.8,-63.2,422.6461,0.0541,23.2751,29.268,TRUE,"Cominoto-La Pecha"
10.8,-63.3,495.79,0.0225,23.0653,29.268,TRUE,"Cominoto-La Pecha"
10.8,-63.4,628.5774,0.0361,22.9133,29.268,TRUE,"Cominoto-La Pecha"
10.8,-63.5,660.5946,0.0717,22.7424,29.268,FALSE,"Cominoto-La Pecha"
10.8,-63.6,522.3276,0.1074,22.8377,29.268,TRUE,"San Agustin-Carabela"
10.8,-63.8,403.0317,0.1429,22.9864,25.6621,TRUE,"Puerto Real-Gabarra-Punta Conejo-La Muerta"
10.8,-63.9,429.7737,0.1424,23.3272,25.6621,TRUE,"Puerto Real-Gabarra-Punta Conejo-La Muerta"
10.8,-64,421.6534,0.1455,23.2876,25.6621,TRUE,"Puerto Real-Gabarra-Punta Conejo-La Muerta"
10.8,-64.1,478.5385,0.1156,23.2009,25.6621,TRUE,"Puerto Real-Gabarra-Punta Conejo-La Muerta"
10.8,-64.2,421.7463,0.1336,23.4908,25.6621,TRUE,"Puerto Real-Gabarra-Punta Conejo-La Muerta"
10.8,-64.3,369.8623,0.2106,23.5343,25.6621,TRUE,"Punta Cruz-Punta de Media Legua-Charagato-Blanca"
10.8,-65.1,27.4148,0.4153,24.4924,32.8745,TRUE,"Playa Tiburon-La Pared-Petaquire-Media Legua-Punta Mono"
10.8,-65.2,26.1485,0.4337,24.6143,32.8745,TRUE,"Playa Tiburon-La Pared-Petaquire-Media Legua-Punta Mono"
10.8,-65.3,24.6482,0.4619,24.6783,32.8745,TRUE,"Playa Tiburon-La Pared-Petaquire-Media Legua-Punta Mono"
10.8,-65.4,24.3545,0.4537,24.8192,32.8745,TRUE,"Playa Tiburon-La Pared-Petaquire-Media Legua-Punta Mono"
10.8,-68.3,327.0231,0.1667,25.7616,41.8899,TRUE,"Dos Mosquises-Sur-Cienaga este-Bajo Caiman-Sombrero-Cayo de Agua"
10.8,-68.3,327.0231,0.1667,25.7616,41.8899,TRUE,"Dos Mosquises-Sur-Cienaga este-Bajo Caiman-Sombrero-Cayo de Agua"
10.8,-68.4,369.7954,0.1892,27.14,41.8899,FALSE,"Dos Mosquises-Sur-Cienaga este-Bajo Caiman-Sombrero-Cayo de Agua"
10.9,-63.7,401.8505,0.0929,23.0776,34.6771,TRUE,"San Agustin-Carabela"
10.9,-63.8,341.8996,0.0723,23.2743,33.7756,TRUE,"Cominoto-La Pecha"
10.9,-63.9,315.2746,0.1213,23.3109,33.7756,TRUE,"San Agustin-Carabela"
10.9,-64,253.4636,0.1534,23.8848,33.7756,TRUE,"Cominoto-La Pecha"
10.9,-64.1,260.3409,0.1708,23.8705,33.7756,TRUE,"Cominoto-La Pecha"
10.9,-64.2,337.711,0.15,23.6551,33.7756,TRUE,"Punta Cruz-Punta de Media Legua-Charagato-Blanca"
10.9,-64.3,221.4276,0.1929,23.588,33.7756,TRUE,"Punta Cruz-Punta de Media Legua-Charagato-Blanca"
10.9,-64.4,224.823,0.1915,23.6289,32.8742,TRUE,"Punta Cruz-Punta de Media Legua-Charagato-Blanca"
10.9,-64.5,193.6715,0.214,23.7514,32.8742,TRUE,"Puerto Real-Gabarra-Punta Conejo-La Muerta"
10.9,-65.1,28.0317,0.3886,24.3647,32.8742,TRUE,"Punta Cruz-Punta de Media Legua-Charagato-Blanca"
10.9,-65.2,28.6429,0.4145,24.5466,32.8742,TRUE,"Playa Tiburon-La Pared-Petaquire-Media Legua-Punta Mono"
10.9,-65.3,26.0604,0.465,25.0068,32.8742,TRUE,"Playa Tiburon-La Pared-Petaquire-Media Legua-Punta Mono"
10.9,-65.4,24.6714,0.5036,25.0114,32.8742,TRUE,"Playa Tiburon-La Pared-Petaquire-Media Legua-Punta Mono"
10.9,-65.5,24.6827,0.45,24.8707,32.8742,TRUE,"Playa Tiburon-La Pared-Petaquire-Media Legua-Punta Mono"
10.9,-68.3,76.8085,0.45,26.29,49.1027,FALSE,"Dos Mosquises-Sur-Cienaga este-Bajo Caiman-Sombrero-Cayo de Agua"
10.9,-68.3,76.8085,0.45,26.29,49.1027,FALSE,"Dos Mosquises-Sur-Cienaga este-Bajo Caiman-Sombrero-Cayo de Agua"
10.9,-68.4,125.1567,0.4092,26.5076,49.1027,FALSE,"Dos Mosquises-Sur-Cienaga este-Bajo Caiman-Sombrero-Cayo de Agua"
11,-63.7,288.0339,0.0742,23.3149,34.6771,TRUE,"San Agustin-Carabela"
11,-63.8,257.4568,0.133,23.2539,33.7756,TRUE,"Punta Cruz-Punta de Media Legua-Charagato-Blanca"
11,-64.1,334.3703,0.1441,24.1862,33.7756,TRUE,"Cominoto-La Pecha"
11,-64.2,291.332,0.1408,24.1623,33.7756,TRUE,"Cominoto-La Pecha"
11,-64.4,265.5308,0.1416,23.8813,32.8742,TRUE,"Cominoto-La Pecha"
11,-64.5,182.1829,0.15,23.7801,32.8742,TRUE,"Puerto Real-Gabarra-Punta Conejo-La Muerta"
11,-65.1,30.9092,0.3595,24.441,32.8742,TRUE,"Punta Cruz-Punta de Media Legua-Charagato-Blanca"
11,-65.2,36.0855,0.3248,24.4214,32.8742,TRUE,"Punta Cruz-Punta de Media Legua-Charagato-Blanca"
11,-65.3,68.3329,0.3909,24.4021,32.8742,TRUE,"Punta Cruz-Punta de Media Legua-Charagato-Blanca"
11,-65.4,49.7255,0.4919,24.5978,32.8742,TRUE,"Playa Tiburon-La Pared-Petaquire-Media Legua-Punta Mono"
11,-65.5,31.169,0.4452,24.5791,32.8742,TRUE,"Playa Tiburon-La Pared-Petaquire-Media Legua-Punta Mono"
11,-68.3,146.5555,0.4332,25.1489,49.1027,TRUE,"Dos Mosquises-Sur-Cienaga este-Bajo Caiman-Sombrero-Cayo de Agua"
11,-68.3,146.5555,0.4332,25.1489,49.1027,TRUE,"Dos Mosquises-Sur-Cienaga este-Bajo Caiman-Sombrero-Cayo de Agua"
11,-68.4,121.3004,0.4545,26.0062,49.1027,TRUE,"Dos Mosquises-Sur-Cienaga este-Bajo Caiman-Sombrero-Cayo de Agua"
11.1,-63.7,293.4518,0.006,23.6004,34.6771,TRUE,"Cominoto-La Pecha"
11.1,-63.8,293.3718,0.0997,23.5864,33.7756,TRUE,"San Agustin-Carabela"
11.1,-64,408.6004,0.105,22.8609,33.7756,TRUE,"San Agustin-Carabela"
11.1,-64.1,447.7819,0.04,23.1474,33.7756,TRUE,"Cominoto-La Pecha"
11.1,-64.2,476.6111,0.1868,23.3591,33.7756,TRUE,"San Agustin-Carabela"
11.1,-64.3,357.2459,0.0936,23.3071,33.7457,TRUE,"San Agustin-Carabela"
11.1,-64.4,242.3632,0.1488,23.4396,32.8742,TRUE,"Punta Cruz-Punta de Media Legua-Charagato-Blanca"
11.1,-64.5,195.0374,0.1962,23.4396,32.8742,TRUE,"Punta Cruz-Punta de Media Legua-Charagato-Blanca"
11.1,-68.3,110.3276,0.4696,24.9206,49.1027,TRUE,"Dos Mosquises-Sur-Cienaga este-Bajo Caiman-Sombrero-Cayo de Agua"
11.1,-68.4,241.3041,0.6079,26.6158,49.1027,FALSE,"Dos Mosquises-Sur-Cienaga este-Bajo Caiman-Sombrero-Cayo de Agua"
11.1,-68.4,241.3041,0.6079,26.6158,49.1027,FALSE,"Dos Mosquises-Sur-Cienaga este-Bajo Caiman-Sombrero-Cayo de Agua"
11.2,-63.7,240.143,0.0395,23.8982,34.6771,TRUE,"Cominoto-La Pecha"
11.2,-63.8,324.2164,0.1001,23.7617,33.7756,TRUE,"San Agustin-Carabela"
11.2,-63.9,285.5334,0.1169,23.2387,33.7756,TRUE,"San Agustin-Carabela"
11.2,-64,383.0662,0.1274,22.8263,33.7756,TRUE,"San Agustin-Carabela"
11.2,-64.1,328.1588,0.1622,23.1283,33.7756,TRUE,"San Agustin-Carabela"
11.2,-64.2,316.1452,0.1512,23.2904,33.7756,TRUE,"San Agustin-Carabela"
11.2,-64.3,284.9767,0.1833,23.52,33.7756,TRUE,"Puerto Real-Gabarra-Punta Conejo-La Muerta"
11.2,-64.4,252.1988,0.2093,23.574,32.8742,TRUE,"Punta Cruz-Punta de Media Legua-Charagato-Blanca"
11.2,-64.5,245.8029,0.1833,23.6809,32.8742,TRUE,"Cominoto-La Pecha"
11.2,-68.3,55.8332,0.4793,24.7921,49.1027,TRUE,"Dos Mosquises-Sur-Cienaga este-Bajo Caiman-Sombrero-Cayo de Agua"
11.2,-68.4,180.2964,0.5308,25.2477,49.1027,TRUE,"Dos Mosquises-Sur-Cienaga este-Bajo Caiman-Sombrero-Cayo de Agua"
11.2,-68.4,180.2964,0.5308,25.2477,49.1027,TRUE,"Dos Mosquises-Sur-Cienaga este-Bajo Caiman-Sombrero-Cayo de Agua"
11.2,-68.5,172.4065,0.5133,25.7645,49.1027,TRUE,"Dos Mosquises-Sur-Cienaga este-Bajo Caiman-Sombrero-Cayo de Agua"
11.2,-68.5,172.4065,0.5133,25.7645,49.1027,TRUE,"Dos Mosquises-Sur-Cienaga este-Bajo Caiman-Sombrero-Cayo de Agua"
11.2,-68.6,260.6738,0.5569,25.3215,49.1027,TRUE,"Dos Mosquises-Sur-Cienaga este-Bajo Caiman-Sombrero-Cayo de Agua"
11.3,-63.8,269.8163,0.095,23.9009,33.7756,TRUE,"Cominoto-La Pecha"
11.3,-63.9,239.2647,0.1122,23.7361,33.7756,TRUE,"Cominoto-La Pecha"
11.3,-64,238.426,0.1585,23.2557,33.7756,TRUE,"Punta Cruz-Punta de Media Legua-Charagato-Blanca"
11.3,-68.4,58.228,0.4971,24.8009,49.1027,TRUE,"Dos Mosquises-Sur-Cienaga este-Bajo Caiman-Sombrero-Cayo de Agua"
11.3,-68.5,124.0278,0.4554,24.6944,49.1027,TRUE,"Dos Mosquises-Sur-Cienaga este-Bajo Caiman-Sombrero-Cayo de Agua"
11.3,-68.5,124.0278,0.4554,24.6944,49.1027,TRUE,"Dos Mosquises-Sur-Cienaga este-Bajo Caiman-Sombrero-Cayo de Agua"
11.3,-68.6,387.2293,0.635,25.0927,49.1027,TRUE,"Dos Mosquises-Sur-Cienaga este-Bajo Caiman-Sombrero-Cayo de Agua"
11.3,-68.6,387.2293,0.635,25.0927,49.1027,TRUE,"Dos Mosquises-Sur-Cienaga este-Bajo Caiman-Sombrero-Cayo de Agua"
11.3,-68.7,418.1,0.825,26.054,45.4963,TRUE,"La Venada"
11.3,-70.3,701.3334,0.3127,23.9222,20.253,TRUE,"Playa Tiburon-La Pared-Petaquire-Media Legua-Punta Mono"
11.3,-70.4,766.1577,0.3667,23.8217,20.253,TRUE,"Playa Tiburon-La Pared-Petaquire-Media Legua-Punta Mono"
11.3,-70.5,763.7204,0.355,23.8261,20.253,TRUE,"Playa Tiburon-La Pared-Petaquire-Media Legua-Punta Mono"
11.3,-70.5,763.7204,0.355,23.8261,20.253,TRUE,"Playa Tiburon-La Pared-Petaquire-Media Legua-Punta Mono"
11.3,-70.6,538.2719,0.275,23.8738,33.9518,TRUE,"San Agustin-Carabela"
11.3,-70.6,538.2719,0.275,23.8738,33.9518,TRUE,"San Agustin-Carabela"
11.4,-68.6,146.8055,0.4781,24.5503,42.7914,TRUE,"Cote-Guabinitas-Cienaga interno-Las Salinas-Cienaga oeste-Garrapata"
11.4,-68.7,315.4455,0.546,24.5085,47.2995,TRUE,"Cote-Guabinitas-Cienaga interno-Las Salinas-Cienaga oeste-Garrapata"
11.4,-68.7,315.4455,0.546,24.5085,47.2995,TRUE,"Cote-Guabinitas-Cienaga interno-Las Salinas-Cienaga oeste-Garrapata"
11.4,-68.8,348.6322,0.5647,24.9094,47.2995,TRUE,"Dos Mosquises-Sur-Cienaga este-Bajo Caiman-Sombrero-Cayo de Agua"
11.4,-68.8,348.6322,0.5647,24.9094,47.2995,TRUE,"Dos Mosquises-Sur-Cienaga este-Bajo Caiman-Sombrero-Cayo de Agua"
11.4,-68.9,258.1224,0.55,24.8663,47.2995,TRUE,"Dos Mosquises-Sur-Cienaga este-Bajo Caiman-Sombrero-Cayo de Agua"
11.4,-70.1,698.3194,0.4941,26.0071,45.4963,TRUE,"Dos Mosquises-Sur-Cienaga este-Bajo Caiman-Sombrero-Cayo de Agua"
11.4,-70.2,767.5101,0.3487,23.7273,45.4963,TRUE,"La Venada"
11.4,-70.3,660.598,0.325,23.4769,45.4963,FALSE,"San Agustin-Carabela"
11.4,-70.3,660.598,0.325,23.4769,45.4963,FALSE,"San Agustin-Carabela"
11.4,-70.4,586.7616,0.2378,23.4983,45.4963,FALSE,"San Agustin-Carabela"
11.4,-70.4,586.7616,0.2378,23.4983,45.4963,FALSE,"San Agustin-Carabela"
11.4,-70.5,447.2971,0.2105,23.5611,45.49632,TRUE,"San Agustin-Carabela"
11.5,-68.7,79.2708,0.4543,24.6307,47.2995,TRUE,"Dos Mosquises-Sur-Cienaga este-Bajo Caiman-Sombrero-Cayo de Agua"
11.5,-68.8,167.9762,0.48,24.4043,47.2995,TRUE,"Cote-Guabinitas-Cienaga interno-Las Salinas-Cienaga oeste-Garrapata"
11.5,-68.8,167.9762,0.48,24.4043,47.2995,TRUE,"Cote-Guabinitas-Cienaga interno-Las Salinas-Cienaga oeste-Garrapata"
11.5,-68.9,329.1901,0.6198,24.2427,47.2995,TRUE,"Cote-Guabinitas-Cienaga interno-Las Salinas-Cienaga oeste-Garrapata"
11.5,-68.9,329.1901,0.6198,24.2427,47.2995,TRUE,"Cote-Guabinitas-Cienaga interno-Las Salinas-Cienaga oeste-Garrapata"
11.5,-69,321.323,0.6,23.7825,47.2995,TRUE,"Cote-Guabinitas-Cienaga interno-Las Salinas-Cienaga oeste-Garrapata"
11.5,-69,321.323,0.6,23.7825,47.2995,TRUE,"Cote-Guabinitas-Cienaga interno-Las Salinas-Cienaga oeste-Garrapata"
11.5,-69.1,336.0041,0.6353,23.7149,47.2995,TRUE,"Cote-Guabinitas-Cienaga interno-Las Salinas-Cienaga oeste-Garrapata"
11.5,-69.1,336.0041,0.6353,23.7149,47.2995,TRUE,"Cote-Guabinitas-Cienaga interno-Las Salinas-Cienaga oeste-Garrapata"
11.5,-69.2,313.8752,0.5519,24.3691,47.2995,TRUE,"Cote-Guabinitas-Cienaga interno-Las Salinas-Cienaga oeste-Garrapata"
11.5,-69.2,313.8752,0.5519,24.3691,47.2995,TRUE,"Cote-Guabinitas-Cienaga interno-Las Salinas-Cienaga oeste-Garrapata"
11.5,-69.3,724.54,0.4437,23.882,47.6905,TRUE,"La Venada"
11.5,-69.3,724.54,0.4437,23.882,47.6905,TRUE,"La Venada"
11.5,-69.4,323.3701,0.3733,23.4666,48.2011,FALSE,"La Venada"
11.5,-69.4,323.3701,0.3733,23.4666,48.2011,FALSE,"La Venada"
11.5,-69.5,324.142,0.296,23.4225,48.2011,FALSE,"San Agustin-Carabela"
11.5,-69.5,324.142,0.296,23.4225,48.2011,FALSE,"San Agustin-Carabela"
11.5,-69.6,375.656,0.3,24.0109,48.2011,TRUE,"San Agustin-Carabela"
11.5,-69.6,375.656,0.3,24.0109,48.2011,TRUE,"San Agustin-Carabela"
11.5,-69.7,889.03,0.3804,26.3643,48.2011,FALSE,"Dos Mosquises-Sur-Cienaga este-Bajo Caiman-Sombrero-Cayo de Agua"
11.5,-69.8,906.916,0.6,25.33,48.2011,FALSE,"Dos Mosquises-Sur-Cienaga este-Bajo Caiman-Sombrero-Cayo de Agua"
11.5,-69.9,898.9667,0.6,25.1854,48.2011,FALSE,"Dos Mosquises-Sur-Cienaga este-Bajo Caiman-Sombrero-Cayo de Agua"
11.5,-69.9,898.9667,0.6,25.1854,48.2011,FALSE,"Dos Mosquises-Sur-Cienaga este-Bajo Caiman-Sombrero-Cayo de Agua"
11.5,-70,859.22,0.75,27.9184,45.4963,FALSE,"Dos Mosquises-Sur-Cienaga este-Bajo Caiman-Sombrero-Cayo de Agua"
11.5,-70,859.22,0.75,27.9184,45.4963,FALSE,"Dos Mosquises-Sur-Cienaga este-Bajo Caiman-Sombrero-Cayo de Agua"
11.5,-70.1,726.248,0.9,25.2193,45.4963,TRUE,"La Venada"
11.5,-70.1,726.248,0.9,25.2193,45.4963,TRUE,"La Venada"
11.5,-70.2,550.575,0.4154,23.619,45.4963,TRUE,"La Venada"
11.5,-70.2,550.575,0.4154,23.619,45.4963,TRUE,"La Venada"
11.5,-70.3,394.5674,0.2554,23.322,45.4963,FALSE,"San Agustin-Carabela"
11.6,-68.9,56.6043,0.5104,24.5296,47.2995,TRUE,"Cote-Guabinitas-Cienaga interno-Las Salinas-Cienaga oeste-Garrapata"
11.6,-69,96.5324,0.4818,24.1556,47.2995,TRUE,"Cote-Guabinitas-Cienaga interno-Las Salinas-Cienaga oeste-Garrapata"
11.6,-69.1,100.2006,0.4584,24.0792,47.2995,TRUE,"Cote-Guabinitas-Cienaga interno-Las Salinas-Cienaga oeste-Garrapata"
11.6,-69.2,122.36,0.4324,24.0312,47.2995,TRUE,"Cote-Guabinitas-Cienaga interno-Las Salinas-Cienaga oeste-Garrapata"
11.6,-69.3,142.8018,0.4348,23.7734,47.6903,TRUE,"Cote-Guabinitas-Cienaga interno-Las Salinas-Cienaga oeste-Garrapata"
11.6,-69.4,133.3853,0.3838,23.6996,48.2011,TRUE,"Cote-Guabinitas-Cienaga interno-Las Salinas-Cienaga oeste-Garrapata"
11.6,-69.5,109.7914,0.3318,23.6314,48.2011,TRUE,"San Agustin-Carabela"
11.6,-69.6,188.0391,0.3397,23.6434,48.2011,TRUE,"La Venada"
11.6,-69.7,267.5819,0.3808,23.8668,48.2011,TRUE,"La Venada"
11.6,-69.7,267.5819,0.3808,23.8668,48.2011,TRUE,"La Venada"
11.6,-69.8,792.9756,0.5769,25.4298,48.2011,TRUE,"Dos Mosquises-Sur-Cienaga este-Bajo Caiman-Sombrero-Cayo de Agua"
11.6,-69.9,790.8974,0.7663,25.1065,47.4784,TRUE,"La Venada"
11.6,-69.9,790.8974,0.7663,25.1065,47.4784,TRUE,"La Venada"
11.6,-70,803.828,0.7,24.9598,45.4963,TRUE,"Dos Mosquises-Sur-Cienaga este-Bajo Caiman-Sombrero-Cayo de Agua"
11.6,-70,803.828,0.7,24.9598,45.4963,TRUE,"Dos Mosquises-Sur-Cienaga este-Bajo Caiman-Sombrero-Cayo de Agua"
11.6,-70.1,738.0064,0.6,24.9984,45.4963,TRUE,"Norte-Rabuski-Medio"
11.6,-70.1,738.0064,0.6,24.9984,45.4963,TRUE,"Norte-Rabuski-Medio"
11.6,-70.2,471.476,0.5304,24.522,45.4963,TRUE,"Cote-Guabinitas-Cienaga interno-Las Salinas-Cienaga oeste-Garrapata"
11.6,-70.2,471.476,0.5304,24.522,45.4963,TRUE,"Cote-Guabinitas-Cienaga interno-Las Salinas-Cienaga oeste-Garrapata"
11.6,-70.3,285.2492,0.1673,23.4095,45.4963,FALSE,"San Agustin-Carabela"
11.7,-64.4,77.8608,0.1976,24.2653,35.5786,TRUE,"San Agustin-Carabela"
11.7,-64.5,77.8222,0.1575,24.4049,35.5786,TRUE,"San Agustin-Carabela"
11.7,-64.6,73.1968,0.1686,24.3244,35.5786,TRUE,"San Agustin-Carabela"
11.7,-64.7,67.767,0.1622,24.6462,35.5786,TRUE,"San Agustin-Carabela"
11.7,-66,27.7601,0.4397,24.7359,34.6771,TRUE,"Playa Tiburon-La Pared-Petaquire-Media Legua-Punta Mono"
11.7,-66.1,30.1974,0.4069,24.9353,34.6771,TRUE,"Norte-Rabuski-Medio"
11.7,-66.2,30.6869,0.4111,24.8302,34.6771,TRUE,"Playa Tiburon-La Pared-Petaquire-Media Legua-Punta Mono"
11.7,-66.6,26.603,0.5145,24.8537,34.6771,TRUE,"Playa Tiburon-La Pared-Petaquire-Media Legua-Punta Mono"
11.7,-66.7,26.523,0.5231,24.7492,34.6771,TRUE,"Playa Tiburon-La Pared-Petaquire-Media Legua-Punta Mono"
11.7,-66.8,25.7452,0.5262,24.8707,34.6771,TRUE,"Cote-Guabinitas-Cienaga interno-Las Salinas-Cienaga oeste-Garrapata"
11.7,-66.9,23.9948,0.5105,24.968,35.5786,TRUE,"Dos Mosquises-Sur-Cienaga este-Bajo Caiman-Sombrero-Cayo de Agua"
11.7,-69.6,91.2133,0.3527,23.9069,48.2011,TRUE,"Cote-Guabinitas-Cienaga interno-Las Salinas-Cienaga oeste-Garrapata"
11.7,-69.7,161.5087,0.4103,24.0073,48.2011,TRUE,"Cote-Guabinitas-Cienaga interno-Las Salinas-Cienaga oeste-Garrapata"
11.7,-69.7,161.5087,0.4103,24.0073,48.2011,TRUE,"Cote-Guabinitas-Cienaga interno-Las Salinas-Cienaga oeste-Garrapata"
11.7,-69.8,306.344,0.45,24.2095,48.2011,TRUE,"La Venada"
11.7,-69.9,742.4091,0.6869,26.6242,48.2011,FALSE,"Dos Mosquises-Sur-Cienaga este-Bajo Caiman-Sombrero-Cayo de Agua"
11.7,-69.9,742.4091,0.6869,26.6242,48.2011,FALSE,"Dos Mosquises-Sur-Cienaga este-Bajo Caiman-Sombrero-Cayo de Agua"
11.7,-70,835.9688,0.7179,32.57,45.4963,FALSE,"Dos Mosquises-Sur-Cienaga este-Bajo Caiman-Sombrero-Cayo de Agua"
11.7,-70.1,769.8854,0.641,25.3806,45.4963,TRUE,"Norte-Rabuski-Medio"
11.7,-70.2,284.7551,0.0682,23.1462,45.4963,FALSE,"San Agustin-Carabela"
11.7,-70.2,284.7551,0.0682,23.1462,45.4963,FALSE,"San Agustin-Carabela"
11.7,-70.3,229.7299,0.1234,23.3046,45.4963,FALSE,"San Agustin-Carabela"
11.7,-70.3,229.7299,0.1234,23.3046,45.4963,FALSE,"San Agustin-Carabela"
11.7,-71.3,349.7393,0.4988,25.9152,56.3157,FALSE,"Dos Mosquises-Sur-Cienaga este-Bajo Caiman-Sombrero-Cayo de Agua"
11.7,-71.3,349.7393,0.4988,25.9152,56.3157,FALSE,"Dos Mosquises-Sur-Cienaga este-Bajo Caiman-Sombrero-Cayo de Agua"
11.7,-71.4,322.7798,0.336,26.0138,56.3157,FALSE,"Dos Mosquises-Sur-Cienaga este-Bajo Caiman-Sombrero-Cayo de Agua"
11.7,-71.4,322.7798,0.336,26.0138,56.3157,FALSE,"Dos Mosquises-Sur-Cienaga este-Bajo Caiman-Sombrero-Cayo de Agua"
11.8,-64.4,79.7233,0.1695,24.5157,37.2113,TRUE,"San Agustin-Carabela"
11.8,-64.5,86.6654,0.1844,24.4539,37.2251,TRUE,"San Agustin-Carabela"
11.8,-64.6,190.6707,-0.0362,24.5865,37.2113,FALSE,"Cominoto-La Pecha"
11.8,-64.7,69.8191,0.2081,24.6228,37.5304,TRUE,"San Agustin-Carabela"
11.8,-64.8,63.6441,0.1901,24.6133,37.5304,TRUE,"San Agustin-Carabela"
11.8,-66,36.6412,0.4092,24.9985,36.3235,TRUE,"Dos Mosquises-Sur-Cienaga este-Bajo Caiman-Sombrero-Cayo de Agua"
11.8,-66.1,44.8349,0.4394,25.0242,36.3097,TRUE,"Dos Mosquises-Sur-Cienaga este-Bajo Caiman-Sombrero-Cayo de Agua"
11.8,-66.2,27.0673,0.525,25.026,37.3816,TRUE,"Dos Mosquises-Sur-Cienaga este-Bajo Caiman-Sombrero-Cayo de Agua"
11.8,-66.3,30.6839,0.4431,24.9786,36.1321,TRUE,"Dos Mosquises-Sur-Cienaga este-Bajo Caiman-Sombrero-Cayo de Agua"
11.8,-66.5,28.4508,0.5189,25.0986,36.3235,TRUE,"Dos Mosquises-Sur-Cienaga este-Bajo Caiman-Sombrero-Cayo de Agua"
11.8,-66.6,28.4508,0.6119,25.5245,36.3097,TRUE,"Cote-Guabinitas-Cienaga interno-Las Salinas-Cienaga oeste-Garrapata"
11.8,-66.7,231.284,0.9,25.5622,37.3816,TRUE,"La Venada"
11.8,-66.8,216.1078,0.8,25.6407,36.6288,TRUE,"Cote-Guabinitas-Cienaga interno-Las Salinas-Cienaga oeste-Garrapata"
11.8,-66.9,106.5453,0.7823,25.5038,37.3816,TRUE,"La Venada"
11.8,-69.7,107.0658,0.3915,24.1541,48.2011,TRUE,"Cote-Guabinitas-Cienaga interno-Las Salinas-Cienaga oeste-Garrapata"
11.8,-69.8,294.861,0.5625,24.6756,48.2011,TRUE,"Cote-Guabinitas-Cienaga interno-Las Salinas-Cienaga oeste-Garrapata"
11.8,-69.8,294.861,0.5625,24.6756,48.2011,TRUE,"Cote-Guabinitas-Cienaga interno-Las Salinas-Cienaga oeste-Garrapata"
11.8,-70.2,165.8919,0.1834,23.6172,50.0509,FALSE,"San Agustin-Carabela"
11.8,-70.3,157.0336,0.2101,23.6909,50.0509,FALSE,"San Agustin-Carabela"
11.8,-70.3,157.0336,0.2101,23.6909,50.0509,FALSE,"San Agustin-Carabela"
11.8,-70.4,80.7578,0.2374,24.0285,51.8076,FALSE,"San Agustin-Carabela"
11.8,-71.2,355.9971,0.5745,25.8345,54.3637,FALSE,"Dos Mosquises-Sur-Cienaga este-Bajo Caiman-Sombrero-Cayo de Agua"
11.8,-71.3,343.9115,0.4726,25.8005,54.3637,FALSE,"Dos Mosquises-Sur-Cienaga este-Bajo Caiman-Sombrero-Cayo de Agua"
11.8,-71.3,343.9115,0.4726,25.8005,54.3637,FALSE,"Dos Mosquises-Sur-Cienaga este-Bajo Caiman-Sombrero-Cayo de Agua"
11.8,-71.4,250.0387,0.1441,26.1772,54.6828,FALSE,"Dos Mosquises-Sur-Cienaga este-Bajo Caiman-Sombrero-Cayo de Agua"
11.9,-64.4,78.5247,0.1857,24.5466,38.2832,TRUE,"San Agustin-Carabela"
11.9,-64.5,99.0063,0.1527,24.6462,38.2832,TRUE,"San Agustin-Carabela"
11.9,-64.6,94.8397,0.1431,24.5044,38.2832,TRUE,"San Agustin-Carabela"
11.9,-64.7,85.7471,0.0912,24.5484,38.2832,TRUE,"San Agustin-Carabela"
11.9,-64.8,75.9201,0.1781,24.4758,38.2832,TRUE,"San Agustin-Carabela"
11.9,-66,41.1202,0.3824,24.9923,37.3816,TRUE,"Dos Mosquises-Sur-Cienaga este-Bajo Caiman-Sombrero-Cayo de Agua"
11.9,-66.1,36.984,0.3515,25.0734,37.3816,TRUE,"Dos Mosquises-Sur-Cienaga este-Bajo Caiman-Sombrero-Cayo de Agua"
11.9,-66.2,33.3371,0.3919,25.017,37.3816,TRUE,"Dos Mosquises-Sur-Cienaga este-Bajo Caiman-Sombrero-Cayo de Agua"
11.9,-66.3,29.0598,0.4592,24.8707,37.3816,TRUE,"Dos Mosquises-Sur-Cienaga este-Bajo Caiman-Sombrero-Cayo de Agua"
11.9,-66.5,28.1232,0.4643,25.0484,37.3816,TRUE,"Dos Mosquises-Sur-Cienaga este-Bajo Caiman-Sombrero-Cayo de Agua"
11.9,-66.6,40.9394,0.7071,25.276,37.3816,TRUE,"Dos Mosquises-Sur-Cienaga este-Bajo Caiman-Sombrero-Cayo de Agua"
11.9,-66.7,99.7624,-0.05,25.1768,37.3816,TRUE,"Norte-Rabuski-Medio"
11.9,-66.8,144.7056,0.424,24.9923,37.3816,TRUE,"Dos Mosquises-Sur-Cienaga este-Bajo Caiman-Sombrero-Cayo de Agua"
11.9,-66.9,48.9479,0.5553,24.8707,37.3816,TRUE,"Cote-Guabinitas-Cienaga interno-Las Salinas-Cienaga oeste-Garrapata"
11.9,-67.6,22.082,0.5672,25.3034,39.1849,TRUE,"Cote-Guabinitas-Cienaga interno-Las Salinas-Cienaga oeste-Garrapata"
11.9,-67.7,22.2525,0.5559,25.3034,39.1849,TRUE,"Cote-Guabinitas-Cienaga interno-Las Salinas-Cienaga oeste-Garrapata"
11.9,-67.8,21.6608,0.5194,25.1691,39.1849,TRUE,"Dos Mosquises-Sur-Cienaga este-Bajo Caiman-Sombrero-Cayo de Agua"
11.9,-68.2,21.6624,0.5603,25.1655,41.8897,TRUE,"Cote-Guabinitas-Cienaga interno-Las Salinas-Cienaga oeste-Garrapata"
11.9,-68.3,20.745,0.5648,25.019,41.8897,TRUE,"Cote-Guabinitas-Cienaga interno-Las Salinas-Cienaga oeste-Garrapata"
11.9,-68.7,20.1396,0.5758,24.9017,46.3978,TRUE,"Cote-Guabinitas-Cienaga interno-Las Salinas-Cienaga oeste-Garrapata"
11.9,-68.8,20.1639,0.5786,24.9113,46.3978,TRUE,"Cote-Guabinitas-Cienaga interno-Las Salinas-Cienaga oeste-Garrapata"
11.9,-69.7,60.3955,0.4,24.4043,48.2011,TRUE,"Cote-Guabinitas-Cienaga interno-Las Salinas-Cienaga oeste-Garrapata"
11.9,-69.8,182.6508,0.5109,24.6904,48.2011,TRUE,"Dos Mosquises-Sur-Cienaga este-Bajo Caiman-Sombrero-Cayo de Agua"
11.9,-69.8,182.6508,0.5109,24.6904,48.2011,TRUE,"Dos Mosquises-Sur-Cienaga este-Bajo Caiman-Sombrero-Cayo de Agua"
11.9,-70.2,155.515,0.262,23.7105,51.8076,FALSE,"San Agustin-Carabela"
11.9,-70.3,105.0562,0.2679,23.6077,51.8076,FALSE,"San Agustin-Carabela"
11.9,-70.3,105.0562,0.2679,23.6077,51.8076,FALSE,"San Agustin-Carabela"
11.9,-70.4,82.8887,0.2921,24.1935,51.8076,FALSE,"San Agustin-Carabela"
11.9,-71.1,342.9783,0.8864,25.5191,54.5124,FALSE,"La Venada"
11.9,-71.2,354.1711,0.6811,25.6812,53.6108,FALSE,"Dos Mosquises-Sur-Cienaga este-Bajo Caiman-Sombrero-Cayo de Agua"
11.9,-71.2,354.1711,0.6811,25.6812,53.6108,FALSE,"Dos Mosquises-Sur-Cienaga este-Bajo Caiman-Sombrero-Cayo de Agua"
11.9,-71.3,349.0818,0.5581,25.8059,53.6108,FALSE,"Dos Mosquises-Sur-Cienaga este-Bajo Caiman-Sombrero-Cayo de Agua"
11.9,-71.3,349.0818,0.5581,25.8059,53.6108,FALSE,"Dos Mosquises-Sur-Cienaga este-Bajo Caiman-Sombrero-Cayo de Agua"
12,-64.5,85.0717,0.1525,24.6335,38.2832,TRUE,"San Agustin-Carabela"
12,-64.6,79.5068,0.1471,24.6068,38.2832,TRUE,"San Agustin-Carabela"
12,-64.7,92.3128,0.1761,24.5495,38.2832,TRUE,"San Agustin-Carabela"
12,-64.8,90.1742,0.2105,24.6995,38.2832,TRUE,"San Agustin-Carabela"
12,-66.1,33.3961,0.4586,25.0185,37.3816,TRUE,"Dos Mosquises-Sur-Cienaga este-Bajo Caiman-Sombrero-Cayo de Agua"
12,-66.2,34.4759,0.4171,25.0234,37.3816,TRUE,"Dos Mosquises-Sur-Cienaga este-Bajo Caiman-Sombrero-Cayo de Agua"
12,-66.7,32.6995,0.4031,24.8514,37.3816,TRUE,"Dos Mosquises-Sur-Cienaga este-Bajo Caiman-Sombrero-Cayo de Agua"
12,-66.8,29.314,0.4021,24.8716,37.3816,TRUE,"Dos Mosquises-Sur-Cienaga este-Bajo Caiman-Sombrero-Cayo de Agua"
12,-67.6,25.5173,0.5095,25.4745,39.1849,TRUE,"Dos Mosquises-Sur-Cienaga este-Bajo Caiman-Sombrero-Cayo de Agua"
12,-67.7,38.698,0.6711,25.4835,39.1849,TRUE,"Dos Mosquises-Sur-Cienaga este-Bajo Caiman-Sombrero-Cayo de Agua"
12,-67.8,22.1747,0.5407,25.1523,39.1849,TRUE,"Cote-Guabinitas-Cienaga interno-Las Salinas-Cienaga oeste-Garrapata"
12,-68.1,21.1686,0.531,25.2109,41.8897,TRUE,"Cote-Guabinitas-Cienaga interno-Las Salinas-Cienaga oeste-Garrapata"
12,-68.2,22.0182,0.5215,25.1791,41.8897,TRUE,"Dos Mosquises-Sur-Cienaga este-Bajo Caiman-Sombrero-Cayo de Agua"
12,-68.3,20.9375,0.5397,25.1117,41.8897,TRUE,"Cote-Guabinitas-Cienaga interno-Las Salinas-Cienaga oeste-Garrapata"
12,-68.4,19.7215,0.5814,25.192,41.8897,TRUE,"Cote-Guabinitas-Cienaga interno-Las Salinas-Cienaga oeste-Garrapata"
12,-68.6,20.5539,0.5754,25.1575,41.8897,TRUE,"Cote-Guabinitas-Cienaga interno-Las Salinas-Cienaga oeste-Garrapata"
12,-68.7,20.3457,0.5681,25.1632,46.3978,TRUE,"Cote-Guabinitas-Cienaga interno-Las Salinas-Cienaga oeste-Garrapata"
12,-68.8,19.9268,0.5924,24.9284,46.3978,TRUE,"Cote-Guabinitas-Cienaga interno-Las Salinas-Cienaga oeste-Garrapata"
12,-68.9,19.8684,0.5891,24.9286,46.3978,TRUE,"Cote-Guabinitas-Cienaga interno-Las Salinas-Cienaga oeste-Garrapata"
12,-69,19.831,0.602,24.9925,46.3978,TRUE,"Cote-Guabinitas-Cienaga interno-Las Salinas-Cienaga oeste-Garrapata"
12,-69.1,19.9042,0.5985,25.0103,46.3978,TRUE,"Cote-Guabinitas-Cienaga interno-Las Salinas-Cienaga oeste-Garrapata"
12,-69.8,65.5348,0.3741,24.6207,48.2011,TRUE,"Cote-Guabinitas-Cienaga interno-Las Salinas-Cienaga oeste-Garrapata"
12,-69.8,65.5348,0.3741,24.6207,48.2011,TRUE,"Cote-Guabinitas-Cienaga interno-Las Salinas-Cienaga oeste-Garrapata"
12,-70.2,208.7384,0.2718,23.158,51.8076,FALSE,"San Agustin-Carabela"
12,-70.3,244.3812,0.258,23.4309,51.8076,FALSE,"San Agustin-Carabela"
12,-70.3,244.3812,0.258,23.4309,51.8076,FALSE,"San Agustin-Carabela"
12,-70.4,69.7554,0.2774,23.968,51.8076,FALSE,"San Agustin-Carabela"
12,-70.7,50.8095,0.3454,24.4107,54.5124,FALSE,"Cote-Guabinitas-Cienaga interno-Las Salinas-Cienaga oeste-Garrapata"
12,-70.8,51.8296,0.35,24.4339,54.5124,FALSE,"Cote-Guabinitas-Cienaga interno-Las Salinas-Cienaga oeste-Garrapata"
12,-70.9,67.1079,0.3849,24.6056,54.5124,FALSE,"Cote-Guabinitas-Cienaga interno-Las Salinas-Cienaga oeste-Garrapata"
12,-71,144.1557,0.5225,24.9636,54.5124,FALSE,"Dos Mosquises-Sur-Cienaga este-Bajo Caiman-Sombrero-Cayo de Agua"
12,-71.1,332.5022,0.8316,25.3611,54.5124,FALSE,"La Venada"
12,-71.1,332.5022,0.8316,25.3611,54.5124,FALSE,"La Venada"
12,-71.2,362.8817,0.8204,25.6779,53.6108,FALSE,"La Venada"
12,-71.2,362.8817,0.8204,25.6779,53.6108,FALSE,"La Venada"
12,-71.3,353.0915,0.6835,25.6156,53.6108,FALSE,"Dos Mosquises-Sur-Cienaga este-Bajo Caiman-Sombrero-Cayo de Agua"
12.1,-67.6,24.1872,0.485,25.3433,39.1849,TRUE,"Dos Mosquises-Sur-Cienaga este-Bajo Caiman-Sombrero-Cayo de Agua"
12.1,-67.7,24.6348,0.5017,25.1836,39.1849,TRUE,"Dos Mosquises-Sur-Cienaga este-Bajo Caiman-Sombrero-Cayo de Agua"
12.1,-68.1,21.1033,0.5304,25.4171,41.8897,TRUE,"Cote-Guabinitas-Cienaga interno-Las Salinas-Cienaga oeste-Garrapata"
12.1,-68.2,22.6958,0.4594,25.3583,41.8897,TRUE,"Dos Mosquises-Sur-Cienaga este-Bajo Caiman-Sombrero-Cayo de Agua"
12.1,-68.3,19.953,0.5149,25.3724,41.8897,TRUE,"Dos Mosquises-Sur-Cienaga este-Bajo Caiman-Sombrero-Cayo de Agua"
12.1,-68.4,19.6957,0.5741,25.1655,41.8897,TRUE,"Cote-Guabinitas-Cienaga interno-Las Salinas-Cienaga oeste-Garrapata"
12.1,-68.6,19.3301,0.6182,25.33,41.8897,TRUE,"Cote-Guabinitas-Cienaga interno-Las Salinas-Cienaga oeste-Garrapata"
12.1,-68.7,19.7726,0.5516,25.2889,46.3978,TRUE,"Cote-Guabinitas-Cienaga interno-Las Salinas-Cienaga oeste-Garrapata"
12.1,-68.8,21.1492,0.5233,25.242,46.3978,TRUE,"Dos Mosquises-Sur-Cienaga este-Bajo Caiman-Sombrero-Cayo de Agua"
12.1,-68.9,19.1101,0.5532,25.4652,46.3978,TRUE,"Cote-Guabinitas-Cienaga interno-Las Salinas-Cienaga oeste-Garrapata"
12.1,-69,19.3906,0.5438,25.257,46.3978,TRUE,"Cote-Guabinitas-Cienaga interno-Las Salinas-Cienaga oeste-Garrapata"
12.1,-69.1,19.4541,0.6074,25.1089,46.3978,TRUE,"Cote-Guabinitas-Cienaga interno-Las Salinas-Cienaga oeste-Garrapata"
12.1,-69.2,19.89,0.6243,25.1243,46.3978,TRUE,"Cote-Guabinitas-Cienaga interno-Las Salinas-Cienaga oeste-Garrapata"
12.1,-69.8,42.0199,0.4462,24.6087,48.2011,TRUE,"Cote-Guabinitas-Cienaga interno-Las Salinas-Cienaga oeste-Garrapata"
12.1,-69.8,42.0199,0.4462,24.6087,48.2011,TRUE,"Cote-Guabinitas-Cienaga interno-Las Salinas-Cienaga oeste-Garrapata"
12.1,-69.9,47.1469,0.4225,25.1982,48.2011,TRUE,"Dos Mosquises-Sur-Cienaga este-Bajo Caiman-Sombrero-Cayo de Agua"
12.1,-70.1,218.1425,0.3815,23.5222,51.8076,FALSE,"La Venada"
12.1,-70.2,432.7967,0.2625,22.9878,51.8076,FALSE,"San Agustin-Carabela"
12.1,-70.2,432.7967,0.2625,22.9878,51.8076,FALSE,"San Agustin-Carabela"
12.1,-70.3,196.6519,0.28,23.368,51.8076,FALSE,"San Agustin-Carabela"
12.1,-70.7,41.9569,0.3467,24.2821,54.5124,FALSE,"Cote-Guabinitas-Cienaga interno-Las Salinas-Cienaga oeste-Garrapata"
12.1,-70.8,42.8627,0.35,24.244,54.5124,FALSE,"Cote-Guabinitas-Cienaga interno-Las Salinas-Cienaga oeste-Garrapata"
12.1,-70.9,48.3741,0.3569,24.2824,54.5124,FALSE,"Cote-Guabinitas-Cienaga interno-Las Salinas-Cienaga oeste-Garrapata"
12.1,-71,86.2282,0.4116,24.506,54.5124,FALSE,"Cote-Guabinitas-Cienaga interno-Las Salinas-Cienaga oeste-Garrapata"
12.1,-71.1,183.2014,0.6094,25.0734,54.5124,FALSE,"Dos Mosquises-Sur-Cienaga este-Bajo Caiman-Sombrero-Cayo de Agua"
12.1,-71.1,183.2014,0.6094,25.0734,54.5124,FALSE,"Dos Mosquises-Sur-Cienaga este-Bajo Caiman-Sombrero-Cayo de Agua"
12.1,-71.2,224.7963,0.6311,25.3767,53.6108,FALSE,"Dos Mosquises-Sur-Cienaga este-Bajo Caiman-Sombrero-Cayo de Agua"
12.2,-68.1,22.2969,0.4311,25.2627,41.8897,TRUE,"Dos Mosquises-Sur-Cienaga este-Bajo Caiman-Sombrero-Cayo de Agua"
12.2,-68.2,23.2515,0.3618,25.3857,41.8897,TRUE,"Dos Mosquises-Sur-Cienaga este-Bajo Caiman-Sombrero-Cayo de Agua"
12.2,-68.3,20.9997,0.25,21.71,41.8897,FALSE,"San Agustin-Carabela"
12.2,-68.4,19.5873,0.47,25.2438,41.8897,TRUE,"Dos Mosquises-Sur-Cienaga este-Bajo Caiman-Sombrero-Cayo de Agua"
12.2,-68.5,19.362,0.5709,25.4386,41.8897,TRUE,"Cote-Guabinitas-Cienaga interno-Las Salinas-Cienaga oeste-Garrapata"
12.2,-68.7,19.5571,0.5897,25.1918,46.3978,TRUE,"Cote-Guabinitas-Cienaga interno-Las Salinas-Cienaga oeste-Garrapata"
12.2,-68.8,19.9459,0.548,25.1351,46.3978,TRUE,"Cote-Guabinitas-Cienaga interno-Las Salinas-Cienaga oeste-Garrapata"
12.2,-68.9,20.9128,0.5485,25.0631,46.3978,TRUE,"Cote-Guabinitas-Cienaga interno-Las Salinas-Cienaga oeste-Garrapata"
12.2,-69.1,19.1955,0.5248,25.2797,46.3978,TRUE,"Dos Mosquises-Sur-Cienaga este-Bajo Caiman-Sombrero-Cayo de Agua"
12.2,-69.2,19.3365,0.6161,25.0098,46.3978,TRUE,"Cote-Guabinitas-Cienaga interno-Las Salinas-Cienaga oeste-Garrapata"
12.2,-69.3,19.7751,0.6177,25.0122,47.1893,TRUE,"Dos Mosquises-Sur-Cienaga este-Bajo Caiman-Sombrero-Cayo de Agua"
12.2,-69.8,35.4633,0.5014,24.7312,48.2011,TRUE,"Dos Mosquises-Sur-Cienaga este-Bajo Caiman-Sombrero-Cayo de Agua"
12.2,-69.9,57.3724,0.4723,24.5466,48.2011,TRUE,"Cote-Guabinitas-Cienaga interno-Las Salinas-Cienaga oeste-Garrapata"
12.2,-69.9,57.3724,0.4723,24.5466,48.2011,TRUE,"Cote-Guabinitas-Cienaga interno-Las Salinas-Cienaga oeste-Garrapata"
12.2,-70,103.3199,0.4687,24.3828,51.8076,FALSE,"Cote-Guabinitas-Cienaga interno-Las Salinas-Cienaga oeste-Garrapata"
12.2,-70,103.3199,0.4687,24.3828,51.8076,FALSE,"Cote-Guabinitas-Cienaga interno-Las Salinas-Cienaga oeste-Garrapata"
12.2,-70.1,220.2645,0.4334,23.6602,51.8076,FALSE,"La Venada"
12.2,-70.1,220.2645,0.4334,23.6602,51.8076,FALSE,"La Venada"
12.2,-70.2,207.2738,0.3644,23.2579,51.8076,FALSE,"La Venada"
12.2,-70.2,207.2738,0.3644,23.2579,51.8076,FALSE,"La Venada"
12.2,-70.3,159.8921,0.3464,23.2506,51.8076,FALSE,"Cote-Guabinitas-Cienaga interno-Las Salinas-Cienaga oeste-Garrapata"
12.2,-70.7,48.3615,0.3673,24.0394,54.5124,FALSE,"Cote-Guabinitas-Cienaga interno-Las Salinas-Cienaga oeste-Garrapata"
12.2,-70.8,42.258,0.3793,24.1413,54.5124,FALSE,"Cote-Guabinitas-Cienaga interno-Las Salinas-Cienaga oeste-Garrapata"
12.2,-70.9,41.3791,0.3594,24.1008,54.5124,FALSE,"Cote-Guabinitas-Cienaga interno-Las Salinas-Cienaga oeste-Garrapata"
12.3,-68.1,23.2448,0.4929,25.2498,39.1849,TRUE,"Dos Mosquises-Sur-Cienaga este-Bajo Caiman-Sombrero-Cayo de Agua"
12.3,-68.2,22.705,0.475,25.0832,39.1849,TRUE,"Dos Mosquises-Sur-Cienaga este-Bajo Caiman-Sombrero-Cayo de Agua"
12.3,-68.3,22.493,0.4165,25.2646,39.1849,TRUE,"Dos Mosquises-Sur-Cienaga este-Bajo Caiman-Sombrero-Cayo de Agua"
12.3,-68.4,22.4949,0.5194,25.2438,39.1849,TRUE,"Dos Mosquises-Sur-Cienaga este-Bajo Caiman-Sombrero-Cayo de Agua"
12.3,-68.5,20.2491,0.5045,25.3991,39.5735,TRUE,"Dos Mosquises-Sur-Cienaga este-Bajo Caiman-Sombrero-Cayo de Agua"
12.3,-68.8,19.786,0.522,25.2477,44.5946,TRUE,"Dos Mosquises-Sur-Cienaga este-Bajo Caiman-Sombrero-Cayo de Agua"
12.3,-68.9,20.0143,0.5552,25.1365,44.5946,TRUE,"Cote-Guabinitas-Cienaga interno-Las Salinas-Cienaga oeste-Garrapata"
12.3,-69,20.4466,0.558,25.2037,44.5946,TRUE,"Cote-Guabinitas-Cienaga interno-Las Salinas-Cienaga oeste-Garrapata"
12.3,-69.1,24.8492,0.6,21.71,44.5946,FALSE,"Dos Mosquises-Sur-Cienaga este-Bajo Caiman-Sombrero-Cayo de Agua"
12.3,-69.2,18.9859,0.6,25.1779,44.8213,TRUE,"Cote-Guabinitas-Cienaga interno-Las Salinas-Cienaga oeste-Garrapata"
12.3,-69.3,19.5114,0.5953,25.0991,45.7328,TRUE,"Cote-Guabinitas-Cienaga interno-Las Salinas-Cienaga oeste-Garrapata"
12.3,-69.8,24.5127,0.5654,24.9598,46.3978,TRUE,"Cote-Guabinitas-Cienaga interno-Las Salinas-Cienaga oeste-Garrapata"
12.3,-69.9,34.0382,0.5241,24.7178,46.3978,TRUE,"Dos Mosquises-Sur-Cienaga este-Bajo Caiman-Sombrero-Cayo de Agua"
12.3,-70,44.0526,0.5036,24.5256,49.1027,TRUE,"Cote-Guabinitas-Cienaga interno-Las Salinas-Cienaga oeste-Garrapata"
12.3,-70.1,64.2191,0.4647,24.2488,49.1027,TRUE,"Cote-Guabinitas-Cienaga interno-Las Salinas-Cienaga oeste-Garrapata"
12.3,-70.2,83.4394,0.4292,23.8491,49.1027,TRUE,"Cote-Guabinitas-Cienaga interno-Las Salinas-Cienaga oeste-Garrapata"
12.4,-68.3,21.6359,0.46,25.2596,39.1849,TRUE,"Dos Mosquises-Sur-Cienaga este-Bajo Caiman-Sombrero-Cayo de Agua"
12.4,-68.4,20.8863,0.5172,25.2066,39.1849,TRUE,"Dos Mosquises-Sur-Cienaga este-Bajo Caiman-Sombrero-Cayo de Agua"
12.4,-68.5,20.245,0.555,25.2477,39.1849,TRUE,"Cote-Guabinitas-Cienaga interno-Las Salinas-Cienaga oeste-Garrapata"
12.4,-68.9,19.9053,0.5495,25.1694,44.5946,TRUE,"Cote-Guabinitas-Cienaga interno-Las Salinas-Cienaga oeste-Garrapata"
12.4,-69,19.89,0.515,25.3022,44.5946,TRUE,"Dos Mosquises-Sur-Cienaga este-Bajo Caiman-Sombrero-Cayo de Agua"
12.4,-69.1,20.1449,0.5331,25.1827,44.5946,TRUE,"Cote-Guabinitas-Cienaga interno-Las Salinas-Cienaga oeste-Garrapata"
12.4,-69.2,20.2491,0.5152,25.1616,44.5946,TRUE,"Dos Mosquises-Sur-Cienaga este-Bajo Caiman-Sombrero-Cayo de Agua"
12.4,-69.3,19.7133,0.5819,25.0839,45.4094,TRUE,"Cote-Guabinitas-Cienaga interno-Las Salinas-Cienaga oeste-Garrapata"
12.4,-69.7,22.1504,0.5583,24.9923,46.3978,TRUE,"Cote-Guabinitas-Cienaga interno-Las Salinas-Cienaga oeste-Garrapata"
12.4,-69.8,23.0401,0.5289,24.9762,46.3978,TRUE,"Dos Mosquises-Sur-Cienaga este-Bajo Caiman-Sombrero-Cayo de Agua"
12.4,-69.9,25.7994,0.5365,25.0721,46.3978,TRUE,"Cote-Guabinitas-Cienaga interno-Las Salinas-Cienaga oeste-Garrapata"
12.4,-70,33.4271,0.5311,24.8876,49.1027,TRUE,"Dos Mosquises-Sur-Cienaga este-Bajo Caiman-Sombrero-Cayo de Agua"
12.4,-70.1,39.1201,0.4997,24.5903,49.1027,TRUE,"Cote-Guabinitas-Cienaga interno-Las Salinas-Cienaga oeste-Garrapata"
12.5,-69.1,19.8382,0.5596,25.1977,44.5946,TRUE,"Cote-Guabinitas-Cienaga interno-Las Salinas-Cienaga oeste-Garrapata"
12.5,-69.2,19.6586,0.5625,25.1504,44.5946,TRUE,"Cote-Guabinitas-Cienaga interno-Las Salinas-Cienaga oeste-Garrapata"
12.5,-69.3,19.9927,0.5487,25.092,45.37,TRUE,"Cote-Guabinitas-Cienaga interno-Las Salinas-Cienaga oeste-Garrapata"
12.5,-69.7,21.3189,0.5797,25.1544,46.3978,TRUE,"Cote-Guabinitas-Cienaga interno-Las Salinas-Cienaga oeste-Garrapata"
12.5,-69.8,20.9406,0.5368,25.1395,46.3978,TRUE,"Cote-Guabinitas-Cienaga interno-Las Salinas-Cienaga oeste-Garrapata"
12.5,-69.9,23.7511,0.5325,24.8775,46.3978,TRUE,"Cote-Guabinitas-Cienaga interno-Las Salinas-Cienaga oeste-Garrapata"
12.5,-70,23.9802,0.6,25.1167,49.1027,TRUE,"Dos Mosquises-Sur-Cienaga este-Bajo Caiman-Sombrero-Cayo de Agua"
12.5,-70.1,31.6567,0.511,25.0954,49.1027,TRUE,"Dos Mosquises-Sur-Cienaga este-Bajo Caiman-Sombrero-Cayo de Agua"
12.5,-70.2,34.5925,0.4171,24.7773,49.1027,TRUE,"Dos Mosquises-Sur-Cienaga este-Bajo Caiman-Sombrero-Cayo de Agua"
12.6,-61,35.8627,0.4655,25.7401,39.1849,TRUE,"Dos Mosquises-Sur-Cienaga este-Bajo Caiman-Sombrero-Cayo de Agua"
12.6,-69.8,20.7087,0.5417,25.0986,46.3978,TRUE,"Cote-Guabinitas-Cienaga interno-Las Salinas-Cienaga oeste-Garrapata"
12.6,-69.9,22.0857,0.5346,25.1314,46.3978,TRUE,"Cote-Guabinitas-Cienaga interno-Las Salinas-Cienaga oeste-Garrapata"
12.6,-70,26.0348,0.4977,25.0009,49.1027,TRUE,"Dos Mosquises-Sur-Cienaga este-Bajo Caiman-Sombrero-Cayo de Agua"
12.6,-70.1,33.1735,0.463,24.5073,49.1027,TRUE,"Cote-Guabinitas-Cienaga interno-Las Salinas-Cienaga oeste-Garrapata"
12.6,-70.2,32.105,0.4941,24.6718,49.1027,TRUE,"Dos Mosquises-Sur-Cienaga este-Bajo Caiman-Sombrero-Cayo de Agua"
12.7,-69.8,20.9977,0.5565,25.1243,46.3978,TRUE,"Cote-Guabinitas-Cienaga interno-Las Salinas-Cienaga oeste-Garrapata"
12.7,-69.9,21.348,0.5463,25.1857,46.3978,TRUE,"Cote-Guabinitas-Cienaga interno-Las Salinas-Cienaga oeste-Garrapata"
12.7,-70,22.9798,0.5182,25.0578,49.1027,TRUE,"Dos Mosquises-Sur-Cienaga este-Bajo Caiman-Sombrero-Cayo de Agua"
12.7,-70.1,26.5255,0.5293,24.911,49.1027,TRUE,"Dos Mosquises-Sur-Cienaga este-Bajo Caiman-Sombrero-Cayo de Agua"
12.7,-70.2,28.8414,0.4886,24.8602,49.1027,TRUE,"Dos Mosquises-Sur-Cienaga este-Bajo Caiman-Sombrero-Cayo de Agua"
14.1,-60.4,21.1122,0.726,25.7002,36.4802,TRUE,"Cote-Guabinitas-Cienaga interno-Las Salinas-Cienaga oeste-Garrapata"
15.2,-64.1,20.0011,0.7081,25.7209,34.677,TRUE,"Cote-Guabinitas-Cienaga interno-Las Salinas-Cienaga oeste-Garrapata"
15.2,-64.2,19.958,0.7213,25.6521,34.677,TRUE,"Cote-Guabinitas-Cienaga interno-Las Salinas-Cienaga oeste-Garrapata"
15.3,-64,18.5098,0.7089,25.6976,34.677,TRUE,"Cote-Guabinitas-Cienaga interno-Las Salinas-Cienaga oeste-Garrapata"
15.3,-64.1,19.3954,0.72,25.6294,34.677,TRUE,"Cote-Guabinitas-Cienaga interno-Las Salinas-Cienaga oeste-Garrapata"
15.3,-64.2,19.9024,0.72,25.7002,34.677,TRUE,"Cote-Guabinitas-Cienaga interno-Las Salinas-Cienaga oeste-Garrapata"
15.3,-64.3,22.9213,0.6536,25.7111,34.677,TRUE,"Cote-Guabinitas-Cienaga interno-Las Salinas-Cienaga oeste-Garrapata"
15.4,-64,18.8801,0.7581,25.4825,34.677,TRUE,"Cote-Guabinitas-Cienaga interno-Las Salinas-Cienaga oeste-Garrapata"
15.4,-64.1,19.2383,0.7875,25.6001,34.677,TRUE,"Cote-Guabinitas-Cienaga interno-Las Salinas-Cienaga oeste-Garrapata"
15.4,-64.2,21.9711,0.7607,25.5945,34.677,TRUE,"Cote-Guabinitas-Cienaga interno-Las Salinas-Cienaga oeste-Garrapata"
15.4,-64.3,20.9569,0.7359,25.8236,34.677,TRUE,"Cote-Guabinitas-Cienaga interno-Las Salinas-Cienaga oeste-Garrapata"
15.4,-64.4,20.9679,0.6774,25.7414,33.7755,TRUE,"Cote-Guabinitas-Cienaga interno-Las Salinas-Cienaga oeste-Garrapata"
15.5,-64,20.3801,0.7407,25.6866,34.677,TRUE,"Cote-Guabinitas-Cienaga interno-Las Salinas-Cienaga oeste-Garrapata"
15.5,-64.1,19.9343,0.8035,25.5445,34.677,TRUE,"Cote-Guabinitas-Cienaga interno-Las Salinas-Cienaga oeste-Garrapata"
15.5,-64.2,20.9121,0.7902,25.5956,34.677,TRUE,"Cote-Guabinitas-Cienaga interno-Las Salinas-Cienaga oeste-Garrapata"
15.5,-64.3,21.4038,0.7533,25.629,34.677,TRUE,"Cote-Guabinitas-Cienaga interno-Las Salinas-Cienaga oeste-Garrapata"
15.5,-64.4,21.5665,0.7141,25.6381,33.7755,TRUE,"Cote-Guabinitas-Cienaga interno-Las Salinas-Cienaga oeste-Garrapata"
15.6,-64,18.8615,0.7759,25.8048,30.1694,TRUE,"Cote-Guabinitas-Cienaga interno-Las Salinas-Cienaga oeste-Garrapata"
15.6,-64.1,19.5775,0.8014,25.7519,30.1694,TRUE,"Cote-Guabinitas-Cienaga interno-Las Salinas-Cienaga oeste-Garrapata"
15.6,-64.2,19.1495,0.82,25.5357,30.1694,TRUE,"Cote-Guabinitas-Cienaga interno-Las Salinas-Cienaga oeste-Garrapata"
15.6,-64.3,19.7602,0.7258,25.7927,30.1694,TRUE,"Cote-Guabinitas-Cienaga interno-Las Salinas-Cienaga oeste-Garrapata"
15.6,-64.4,18.944,0.7382,25.618,29.2679,TRUE,"Cote-Guabinitas-Cienaga interno-Las Salinas-Cienaga oeste-Garrapata"
15.7,-64,17.7308,0.7594,25.7388,30.1694,TRUE,"Cote-Guabinitas-Cienaga interno-Las Salinas-Cienaga oeste-Garrapata"
15.7,-64.1,18.2282,0.7662,25.6812,30.1694,TRUE,"Cote-Guabinitas-Cienaga interno-Las Salinas-Cienaga oeste-Garrapata"
15.7,-64.2,18.1777,0.7781,25.7519,30.1694,TRUE,"Cote-Guabinitas-Cienaga interno-Las Salinas-Cienaga oeste-Garrapata"
15.7,-64.3,19.434,0.7412,25.7825,30.1694,TRUE,"Cote-Guabinitas-Cienaga interno-Las Salinas-Cienaga oeste-Garrapata"
15.8,-64.1,17.3582,0.7714,25.6892,30.1694,TRUE,"Cote-Guabinitas-Cienaga interno-Las Salinas-Cienaga oeste-Garrapata"
15.8,-64.2,17.099,0.7714,25.618,30.1694,TRUE,"Cote-Guabinitas-Cienaga interno-Las Salinas-Cienaga oeste-Garrapata"
15.8,-64.3,17.9167,0.7694,25.6702,30.1694,TRUE,"Cote-Guabinitas-Cienaga interno-Las Salinas-Cienaga oeste-Garrapata"
